title,price
Grand Theft Auto V: Premium Edition & Great White Shark Card Bundle,"R$49,61"
Grand Theft Auto V,"R$49,61"
Dead by Daylight,"R$23,98"
Enshrouded,"R$71,99"
Call of Duty®: Modern Warfare® III,"R$164,45"
BIOMUTANT,"R$18,75"
Deep Rock Galactic,"R$19,13"
The Walking Dead: The Telltale Definitive Series,"R$26,99"
Resident Evil 4,"R$126,75"
Team Fortress 2,Free
Overcooked! 2,"R$20,99"
Sun Haven,"R$23,74"
"Ranch Simulator: Build, Hunt, Farm","R$14,24"
Stray,"R$47,99"
REMNANT II®,"R$99,99"
Assassin's Creed Valhalla,"R$49,99"
Bloons TD 6,"R$13,94"
Assassin's Creed® Unity,"R$22,49"
Car Mechanic Simulator 2021,"R$29,59"
The Crew™ 2,"R$29,99"
Manor Lords,"R$74,99"
Darksiders Blades & Whip Franchise Pack,"R$33,54"
Resident Evil Village,"R$55,96"
Resident Evil 7 Biohazard,"R$26,76"
Devil May Cry 5,"R$32,96"
Cataclismo,"R$55,99"
Resident Evil 3,"R$34,97"
UBOAT,"R$26,69"
South Park™: The Fractured But Whole™,"R$27,99"
Arma 3,"R$24,99"
Alone in the Dark,"R$81,00"
SnowRunner,"R$49,95"
Dome Keeper,"R$21,99"
Darksiders III,"R$15,09"
Resident Evil 2,"R$34,97"
Deep Rock Galactic: Survivor,"R$24,74"
Destroy All Humans!,"R$6,99"
Bundle: South Park™ : The Stick of Truth™ + The Fractured but Whole™,"R$45,43"
Car Manufacture,"R$53,99"
HITMAN World of Assassination,"R$8,89"
Tom Clancy’s The Division® 2,"R$42,49"
Destroy All Humans! Franchise Pack,"R$35,76"
Murky Divers,"R$15,74"
Marvel's Guardians of the Galaxy,"R$49,99"
Conan Exiles,"R$39,79"
Among Us,"R$10,49"
Destroy All Humans! 2 - Reprobed,"R$24,75"
Kingdom Rush 5: Alliance TD,"R$53,99"
Wreckfest,"R$32,98"
Resident Evil 6,"R$21,00"
